{"cameraMode":{"drawMode":0,"name":"Shaded","section":"Shading Mode"},"sceneLighting":false,"audioPlay":false,"sceneViewState":{"showFog":true,"showMaterialUpdate":false,"showSkybox":false,"showFlares":true,"showImageEffects":true,"showParticleSystems":true},"in2DMode":false,"pivot":{"x":1.32476806640625,"y":23.749011993408204,"z":-0.8580713272094727},"rotation":{"x":0.14128749072551728,"y":0.5515050888061523,"z":-0.09539821743965149,"w":0.8166064023971558},"size":30.3912410736084,"orthographic":false}