{"cameraMode":{"drawMode":0,"name":"Shaded","section":"Shading Mode"},"sceneLighting":true,"audioPlay":false,"sceneViewState":{"showFog":true,"showMaterialUpdate":false,"showSkybox":true,"showFlares":true,"showImageEffects":true,"showParticleSystems":true},"in2DMode":false,"pivot":{"x":6.952384948730469,"y":87.38082122802735,"z":52.70213317871094},"rotation":{"x":0.005307500250637531,"y":0.9921489357948303,"z":-0.11692536622285843,"w":0.04497427120804787},"size":213.8584747314453,"orthographic":false}